{
    "n_ztf_alerts_inserted": [
        210240,
        210240,
        210240,
        210240,
        210240
    ],
    "ztf_alerts_insert_time_s": [
        18.223071813583374,
        18.592007875442505,
        17.505274772644043,
        18.566959857940674,
        18.05139994621277
    ],
    "cone_search_query_time_s": 0.0028133392333984375
}