{
    "n_ztf_alerts_inserted": [
        210240,
        210240,
        210240,
        210240,
        210240
    ],
    "ztf_alerts_insert_time_s": [
        12.376414775848389,
        12.856303930282593,
        12.342388153076172,
        15.733400821685791,
        13.061941862106323
    ],
    "cone_search_query_time_s": 0.00697016716003418
}