{
    "n_ztf_alerts_inserted": [
        210240,
        210240,
        210240,
        210240,
        210240
    ],
    "ztf_alerts_insert_time_s": [
        13.569697141647339,
        13.373224973678589,
        13.640389919281006,
        14.471049308776855,
        13.35431694984436
    ],
    "cone_search_query_time_s": 0.003931999206542969
}