{
    "ztf_alerts_insert_time_s": 7.895184755325317,
    "cone_search_query_time_s": 0.0017848014831542969
}