{
    "ztf_alerts_insert_time_s": 8.21698784828186,
    "cone_search_query_time_s": 0.00012087821960449219
}