{
    "n_ztf_alerts_inserted": [
        210240,
        210240,
        210240,
        210240,
        210240
    ],
    "ztf_alerts_insert_time_s": [
        18.069680213928223,
        18.033485889434814,
        17.900094032287598,
        17.3262939453125,
        18.59329915046692
    ],
    "cone_search_query_time_s": 0.005350828170776367
}