{
    "n_ztf_alerts_inserted": [
        210240,
        210240,
        210240,
        210240,
        210240
    ],
    "ztf_alerts_insert_time_s": [
        19.154209852218628,
        19.631202220916748,
        19.128457069396973,
        19.002592086791992,
        20.143847942352295
    ],
    "cone_search_query_time_s": 0.0067560672760009766
}