{
    "n_ztf_alerts_inserted": [
        210240,
        210240,
        210240,
        210240,
        210240
    ],
    "ztf_alerts_insert_time_s": [
        19.401684045791626,
        18.74373507499695,
        18.10349202156067,
        18.361577033996582,
        17.4016330242157
    ],
    "cone_search_query_time_s": 0.002808094024658203
}