{
    "n_ztf_alerts_inserted": 210240,
    "ztf_alerts_insert_time_s": 8.084290266036987,
    "cone_search_query_time_s": 0.0014030933380126953
}