{
    "n_ztf_alerts_inserted": [
        210240,
        210240,
        210240,
        210240,
        210240
    ],
    "ztf_alerts_insert_time_s": [
        13.329363822937012,
        12.83271598815918,
        12.442221879959106,
        13.355121850967407,
        12.072346925735474
    ],
    "cone_search_query_time_s": 0.006162166595458984
}