{
    "n_ztf_alerts_inserted": [
        210240,
        210240,
        210240,
        210240,
        210240
    ],
    "ztf_alerts_insert_time_s": [
        18.581307888031006,
        18.608508825302124,
        18.68574285507202,
        18.174970865249634,
        19.749552965164185
    ],
    "cone_search_query_time_s": 0.005070686340332031
}