{
    "n_ztf_alerts_inserted": [
        210240,
        210240,
        210240,
        210240,
        210240
    ],
    "ztf_alerts_insert_time_s": [
        18.585620164871216,
        18.434295892715454,
        18.850759029388428,
        18.679323196411133,
        19.448543548583984
    ],
    "cone_search_query_time_s": 0.00488591194152832
}