{
    "n_ztf_alerts_inserted": 210240,
    "ztf_alerts_insert_time_s": 7.98235297203064,
    "cone_search_query_time_s": 0.0016438961029052734
}