{
    "n_ztf_alerts_inserted": 210240,
    "ztf_alerts_insert_time_s": 33.4666428565979,
    "cone_search_query_time_s": 0.09787392616271973
}