{
    "n_ztf_alerts_inserted": [
        210240,
        210240,
        210240,
        210240,
        210240
    ],
    "ztf_alerts_insert_time_s": [
        33.45147681236267,
        33.88146996498108,
        33.19893503189087,
        33.446954011917114,
        33.85512685775757
    ],
    "cone_search_query_time_s": 0.004998922348022461
}