{
    "n_ztf_alerts_inserted": [
        210240,
        210240,
        210240,
        210240,
        210240
    ],
    "ztf_alerts_insert_time_s": [
        34.24806094169617,
        33.995888233184814,
        32.9005651473999,
        33.393869161605835,
        34.035218954086304
    ],
    "cone_search_query_time_s": 0.014347076416015625
}