{
    "n_ztf_alerts_inserted": [
        210240,
        210240,
        210240,
        210240,
        210240
    ],
    "ztf_alerts_insert_time_s": [
        21.765531301498413,
        22.833250045776367,
        23.13449716567993,
        23.77338695526123,
        25.414703845977783
    ],
    "cone_search_query_time_s": 1.0643508434295654
}