{
    "n_ztf_alerts_inserted": [
        210240,
        210240,
        210240,
        210240,
        210240
    ],
    "ztf_alerts_insert_time_s": [
        33.45189619064331,
        33.60036897659302,
        32.86982202529907,
        32.75833225250244,
        33.20756196975708
    ],
    "cone_search_query_time_s": 0.005261898040771484
}