{
    "ztf_alerts_insert_time_s": 33.82646179199219,
    "cone_search_query_time_s": 0.08918094635009766
}