{
    "n_ztf_alerts_inserted": [
        210240,
        210240,
        210240,
        210240,
        210240
    ],
    "ztf_alerts_insert_time_s": [
        33.42788910865784,
        33.43473696708679,
        33.73454189300537,
        33.77895903587341,
        33.03556418418884
    ],
    "cone_search_query_time_s": 0.0045239925384521484
}