{
    "n_ztf_alerts_inserted": [
        210240,
        210240,
        210240,
        210240,
        210240
    ],
    "ztf_alerts_insert_time_s": [
        33.927706241607666,
        34.5169939994812,
        34.22864484786987,
        33.61270594596863,
        32.61859107017517
    ],
    "cone_search_query_time_s": 0.004719257354736328
}