{
    "n_ztf_alerts_inserted": [
        210240,
        210240,
        210240,
        210240,
        210240
    ],
    "ztf_alerts_insert_time_s": [
        22.920608043670654,
        22.135751724243164,
        21.330111026763916,
        21.268479347229004,
        22.090511798858643
    ],
    "cone_search_query_time_s": 0.0052149295806884766
}