{
    "n_ztf_alerts_inserted": [
        210240,
        210240,
        210240,
        210240,
        210240
    ],
    "ztf_alerts_insert_time_s": [
        22.102312803268433,
        23.40023708343506,
        22.598661184310913,
        22.52517080307007,
        22.901820182800293
    ],
    "cone_search_query_time_s": 0.005532741546630859
}